<?xml version="1.0" encoding="UTF-8"?>
<java version="16.0.2" class="java.beans.XMLDecoder">
 <object class="utilsbinding.Bo5scores" id="Bo5scores0">
  <void property="lsco">
   <void method="add">
    <object class="utilsbinding.Score">
     <void property="nomPlayer">
      <string>Jordan</string>
     </void>
     <void property="scorePlayer">
      <int>47878</int>
     </void>
    </object>
   </void>
   <void method="add">
    <object class="utilsbinding.Score">
     <void property="nomPlayer">
      <string>Mickaël</string>
     </void>
     <void property="scorePlayer">
      <int>24100</int>
     </void>
    </object>
   </void>
   <void method="add">
    <object class="utilsbinding.Score">
     <void property="nomPlayer">
      <string>Abandon</string>
     </void>
     <void property="scorePlayer">
      <int>16790</int>
     </void>
    </object>
   </void>
   <void method="add">
    <object class="utilsbinding.Score">
     <void property="nomPlayer">
      <string>Jean-François</string>
     </void>
     <void property="scorePlayer">
      <int>1590</int>
     </void>
    </object>
   </void>
   <void method="add">
    <object class="utilsbinding.Score">
     <void property="nomPlayer">
      <string>Guest</string>
     </void>
     <void property="scorePlayer">
      <int>1250</int>
     </void>
    </object>
   </void>
  </void>
 </object>
</java>
