<?xml version="1.0" encoding="UTF-8"?>
<java version="16.0.2" class="java.beans.XMLDecoder">
 <object class="utilsbinding.DataToSave" id="DataToSave0">
  <void property="butAv">
   <void property="buttCode">
    <object class="java.lang.Enum" method="valueOf">
     <class>javafx.scene.input.KeyCode</class>
     <string>Z</string>
    </object>
   </void>
   <void property="buttStr">
    <string>Z</string>
   </void>
  </void>
  <void property="butDro">
   <void property="buttCode">
    <object class="java.lang.Enum" method="valueOf">
     <class>javafx.scene.input.KeyCode</class>
     <string>D</string>
    </object>
   </void>
   <void property="buttStr">
    <string>D</string>
   </void>
  </void>
  <void property="butGac">
   <void property="buttCode">
    <object class="java.lang.Enum" method="valueOf">
     <class>javafx.scene.input.KeyCode</class>
     <string>Q</string>
    </object>
   </void>
   <void property="buttStr">
    <string>Q</string>
   </void>
  </void>
  <void property="butRec">
   <void property="buttCode">
    <object class="java.lang.Enum" method="valueOf">
     <class>javafx.scene.input.KeyCode</class>
     <string>S</string>
    </object>
   </void>
   <void property="buttStr">
    <string>S</string>
   </void>
  </void>
 </object>
</java>
